Question,Departments (separated by /),Subcategory,Critical,type,Category,Spalte2
Sind alle für die Operation notwenigen Informationen auf dem OP-Programm erhalten?,OP In,Ablauforganisation,FALSE,Frage Personal,Aseptisches Arbeiten,
Wird das Team-Time-Out korrekt durchgeführt?,OP In,Ablauforganisation,FALSE,Beobachtung,Aseptisches Arbeiten,
Wird benutztes Instrumentarium unmittelbar nach dem Gebrauch in geschlossenen stich- und schnittfesten Behältern zur Aufbereitung transportiert?,OP In / I,Aufbereitung von Instrumenten und Utensilien,FALSE,Beobachtung,Aufbereitung/Desinfektion/Reinigung,
Werden die Instrumente gleichmässig mit einem Vorbereitungsschaum besprüht? ,OP In / I,Aufbereitung von Instrumenten und Utensilien,FALSE,Beobachtung,Aufbereitung/Desinfektion/Reinigung,
Wird der Abfall nach Entsorgungskonzept der Insel Gruppe entsorgt?,OP If / I / A,Entsorgung,FALSE,Beobachtung,Infrastruktur,
Stehen Behältnisse zur sicheren Entsorgung medizinischer Abfälle zur Verfügung?,OP If / I / A,Entsorgung,FALSE,Beobachtung,Infrastruktur,
Ist die Zoneneinteilung klar definiert?,OP If,Hygienezonen,FALSE,Frage Personal,Infrastruktur,
Wird die Zoneneinteilung eingehalten?,OP If,Hygienezonen,FALSE,Frage Personal,Infrastruktur,
Ist die Zutrittsberechtigung für teamfremde Personen geregelt?,OP If,Hygienezonen,FALSE,Frage Personal,Infrastruktur,
Gibt es Verhaltensregeln für die Begleitpersonen von Patientinnen und Patienten?,OP If,Hygienezonen,FALSE,Frage Personal,Infrastruktur,
"Ist die Abteilung räumlich so organisiert, dass eine klare Trennung der Materialver- und entsorgung gewährleistet ist (Kreuzkontamination ausgeschlossen)?",OP If / I,Allgemeines,TRUE,Frage Personal,Infrastruktur,
"Ist genügend Platz für geparkte Patientenbetten, so dass eine Kreuzkontamination verhindert wird?",OP If / I,Allgemeines,TRUE,Frage Personal,Infrastruktur,
Sind Oberflächen und Böden in medizinisch genutzten Räumen desinfizierbar und gut zu reinigen?,OP If / I,Reinigung und Desinfektion von Flächen,FALSE,Beobachtung,Aufbereitung/Desinfektion/Reinigung,
Sind reine und unreine Zonen definiert?,OP If / I / A,Ausguss,TRUE,Beobachtung,Infrastruktur,
Werden die reinen und unreinen Zonen eingehalten?,OP If / I / A,Ausguss,TRUE,Beobachtung,Infrastruktur,
Findet eine jährliche Wartung sowie jährliche Validierung von Reinigungs- und Desinfektionsmittelgeräten statt? ,OP If / I / A,Ausguss,TRUE,Beobachtung,Infrastruktur,
"Wird die Konzentration, Einwirk- und Standzeit bei Instrumentendesinfektionsmitteln nach Herstellerangaben eingehalten? ",I / A,Aufbereitung von Instrumenten und Utensilien,FALSE,Beobachtung,Aufbereitung/Desinfektion/Reinigung,
Sind arbeitstäglich genutzte Instrumentendesinfektionsmittellösungen optisch sauber? ,I / A,Aufbereitung von Instrumenten und Utensilien,FALSE,Beobachtung,Aufbereitung/Desinfektion/Reinigung,
Ist ein Ausguss ausserhalb des OP-Saales vorhanden?,OP If,Ausguss,FALSE,Frage Personal,Infrastruktur,
"Hat das Reinigungspersonal einen eigenen Raum, in dem die Reinigungsmaterialien aufbewahrt werden?",OP If,Ausguss,FALSE,Beobachtung,Infrastruktur,
"Besteht eine Anleitung zur Beladung der Dekontaminationsgeräte nach Herstellerangaben(Steckbeckenautomat, TopClean 60) und werden die Geräte nach dieser Anleitung beladen?",OP If / I / A,Aufbereitung von Instrumenten und Utensilien,FALSE,Beobachtung,Aufbereitung/Desinfektion/Reinigung,
Ist die Trennung von OP-Bereichs- / Berufs- / Privatkleidung gewährleistet?,OP If,Garderoben,FALSE,Beobachtung,Infrastruktur,
Ist Lagerung und Transport von OP-Bereichskleidung geregelt?,OP If,Garderoben,FALSE,Beobachtung,Infrastruktur,
Sind verschiedene Modelle von Einweg-OP-Hauben vorhanden?,OP If,Garderoben,FALSE,Beobachtung,Infrastruktur,
Stehen abwaschbare OP-Bereichsschuhe zur Verfügung?,OP If,Garderoben,FALSE,Beobachtung,Infrastruktur,
Sind in der Garderobe Handwaschbecken und Desinfektionsmittelspender vorhanden?,OP If,Garderoben,FALSE,Beobachtung,Infrastruktur,
Stehen ausreichend Schränke oder Ablagen für Schuhe und Kleidung der Mitarbeitenden zur Verfügung?,OP If,Garderoben,FALSE,Beobachtung,Infrastruktur,
"Werden sterile Medizinprodukte vor Feuchtigkeit, Verschmutzung, Staub, direktem Sonnen- und UV Licht, extremen Temperaturen und Beschädigung geschützt gelagert? ",OP If / I / A,Lagerung von Medizinprodukten,FALSE,Beobachtung,Infrastruktur,
"Werden unsterile Medizinprodukte vor Feuchtigkeit, Verschmutzung, Staub und Beschädigung geschützt gelagert? ",OP If / I / A,Lagerung von Medizinprodukten,FALSE,Beobachtung,Infrastruktur,
Sind die Abläufe sowie die Nutzung von Schutzmaterialien bei Isolation bekannt?,OP In,Isolationen ,FALSE,Frage Personal,Isolationen,
Ist der Aufbereitungsprozess und die Flächendesinfektion bei Isolation  bekannt?,OP In,Isolationen ,FALSE,Frage Personal,Isolationen,
Sind die verschiedenen Isolationsformen bekannt?,OP If / I / A,Isolationen ,FALSE,Frage Personal,Isolationen,
Sind die Kontraindikationen der TIP (Tröpfchenisolation am Platz) bekannt?,I / A,Isolationen ,FALSE,Frage Personal,Isolationen,
Stehen Materialien zur Markierung der Isolationen zur Verfügung?,OP If / I / A,Isolationen ,FALSE,Frage Personal,Isolationen,
Wird die Patientin/der Patient über die jeweilige Isolation informiert?,A,Isolationen ,FALSE,Frage Personal,Isolationen,
Werden Informationsblätter für Patientinnen / Patienten und  Angehörige zur Verfügung gestellt?,A,Isolationen ,FALSE,Frage Personal,Isolationen,
Werden Angehörige / Besuchende über das Verhalten bei Isolation instruiert?,A,Isolationen ,FALSE,Frage Personal,Isolationen,
"Werden Gegenstände und Pflegematerial (z.B. Stethoskope, Blutdruckmanschetten) und Oberflächen (z.B. Untersuchungsliege) nach Isolationen desinfizierend gereinigt?",A,Isolationen ,TRUE,Beobachtung,Isolationen,
"Werden Verbands- / Behandlungswagen bei Kontaktisolation nicht ins Zimmer genommen, bzw. zimmergebunden eingesetzt?",A,Isolationen ,TRUE,Beobachtung,Isolationen,
"Stehen isolierten Patienten eigene Toiletten/eigener Nachtstuhl  
zur Verfügung?",A,Isolationen ,FALSE,Beobachtung,Isolationen,
Werden gemeinsam genutzte  Duschen/Duschmatten bei kontaktisolierten Patienten nach jedem Gebrauch wischdesinfiziert?,A,Isolationen ,FALSE,Frage Personal,Isolationen,
Wird Material aus Kontaktisolationszimmern nach Austritt der Patientin / des Patienten wischdesinfiziert oder entsorgt?,A,Isolationen ,TRUE,Beobachtung,Isolationen,
Gibt es einen definierten Raum / Bereich für die Lagerung von Medizinprodukten in der OP-Abteilung?,OP If,Lagerung von Medizinprodukten,FALSE,Frage Personal,Infrastruktur,
Wird der definierte Lagerbereich nur zum Lagern von sterilen Medizinprodukten verwendet?,OP If,Lagerung von Medizinprodukten,FALSE,Frage Personal,Infrastruktur,
Findet keine Bodenlagerung statt?,OP If / I / A,Lagerung von Medizinprodukten,FALSE,Beobachtung,Infrastruktur,
Wird die antibiotische Prophylaxe immer mit einem Kaderarzt diskutiert?,A,Antibiotika Stewardship,FALSE,Frage ärztliches Personal,Patientenbezogene Massnahmen,
Wird die Indikation einer antibiotischen Therapie regelmässig reevaluiert?,A,Antibiotika Stewardship,TRUE,Frage ärztliches Personal,Patientenbezogene Massnahmen,
Werden Antibiotika gemäss Indikation / Guidelines Insel Antibiotika verabreicht?,A / OP In / I,Antibiotika Stewardship,TRUE,Frage ärztliches Personal,Patientenbezogene Massnahmen,
"Sind Beginn und Dauer der Antibiotika-Gabe auf den Eingriff zugeschnitten und findet, falls notwendig, eine Wiederholung statt?",OP In /  I,Antibiotika Stewardship,FALSE,Frage ärztliches Personal,Patientenbezogene Massnahmen,
Ist die Dosis dem Körpergewicht angepasst?,OP In /  I,Antibiotika Stewardship,FALSE,Frage ärztliches Personal,Patientenbezogene Massnahmen,
Besteht eine klare Indikation für die Einlage?,OP In / I  / A,Blasenkatheterisierung,TRUE,Beobachtung,Patientenbezogene Massnahmen,
Erfolgt die Einlage durch geschultes Personal?,OP In / I  / A,Blasenkatheterisierung,FALSE,Beobachtung,Patientenbezogene Massnahmen,
Ist die Asepsis während der Einlage gewährleistet?,OP In / I  / A,Blasenkatheterisierung,TRUE,Beobachtung,Patientenbezogene Massnahmen,
"Ist ein kontinuierlich geschlossenes, steriles Urinableitungssystem mit Rückflusssperre gewährleistet?",OP In / I  / A,Blasenkatheterisierung,FALSE,Beobachtung,Patientenbezogene Massnahmen,
Werden die Urinableitungssysteme unter Blasenniveau belassen?,OP In / I  / A,Blasenkatheterisierung,FALSE,Beobachtung,Patientenbezogene Massnahmen,
"Alle Mitarbeitenden im Raum tragen weisse Mehrweg- oder 
Einwegbereichskleidung?",I,Eingriff mit geringem bzw. minimalem Risiko ,FALSE,Beobachtung,Patientenbezogene Massnahmen,
"Alle Mitarbeitenden im Raum tragen einen Einweghaarschutz, welcher  alle Haare (inkl. Barthaare) vollständig abdeckt?",I,Eingriff mit geringem bzw. minimalem Risiko ,FALSE,Beobachtung,Patientenbezogene Massnahmen,
Wird während der Intervention und Vorbereitung von Sterilmaterial chirurgische Maske getragen?,I,Eingriff mit geringem bzw. minimalem Risiko ,FALSE,Beobachtung,Patientenbezogene Massnahmen,
"Haben alle am Eingriff beteiligten Mitarbeitenden vor dem Eingriff , falls erforderlich eine chirurgische Händedesinfektion durchgeführt?",I,Eingriff mit geringem bzw. minimalem Risiko ,FALSE,Beobachtung,Patientenbezogene Massnahmen,
Tragen alle am Eingriff beteiligten Mitarbeitenden eine sterile langärmlige Schürze? (Bei Eingriffen mit minimalem Risiko nur wenn für Sterilität erforderlich),I,Eingriff mit geringem bzw. minimalem Risiko ,FALSE,Beobachtung,Patientenbezogene Massnahmen,
Tragen am Eingriff beteiligten Mitarbeitenden sterile Handschuhe?,I,Eingriff mit geringem bzw. minimalem Risiko ,TRUE,Beobachtung,Patientenbezogene Massnahmen,
"Hat die Haarkürzung (falls erforderlich) unmittelbar vor dem Eingriff oder am Vorabend stattgefunden, und wurde möglichst ausserhalb des Eingriffsraumes und mit einem Clipper durchgeführt? ",I,Eingriff mit geringem bzw. minimalem Risiko ,TRUE,Beobachtung,Patientenbezogene Massnahmen,
Ist die Haut im Eingriffsgebiet sauber (frei von Schmutz und organischem Material)?,I,Eingriff mit geringem bzw. minimalem Risiko ,FALSE,Beobachtung,Patientenbezogene Massnahmen,
"Wird eine grossflächige, mechanische Desinfektion mittels steriler Klemme oder Pinzette durchgeführt und sterile Tupfer verwendet?",I,Eingriff mit geringem bzw. minimalem Risiko ,TRUE,Beobachtung,Patientenbezogene Massnahmen,
Wird das korrekte Hautdesinfektionsmittel verwendet?,I,Eingriff mit geringem bzw. minimalem Risiko ,TRUE,Beobachtung,Patientenbezogene Massnahmen,
Werden insgesamt drei Desinfektionsmittelanstriche durchgeführt sowie das Hautareal satt benetzt und feucht gehalten?,I,Eingriff mit geringem bzw. minimalem Risiko ,FALSE,Beobachtung,Patientenbezogene Massnahmen,
"Wird benutztes Instrumentarium unmittelbar nach dem Gebrauch in geschlossenen, stich- und schnittfesten Behältern zur Aufbereitung transportiert und falls Aufbereitung in ZSVA mit Schaum eingesprüht zur Vorreinigung?",I,Allgemeines,FALSE,Beobachtung,Infrastruktur,
Sind die Instrumentenwege zwischen sauber und kontaminiert getrennt?,I,Allgemeines,FALSE,Beobachtung,Infrastruktur,
Wird Einwegmaterial entsorgt (nicht wieder aufbereitet)?,I,Eingriff mit geringem bzw. minimalem Risiko ,FALSE,Frage Personal,Patientenbezogene Massnahmen,
Sind Anwendung und Einwirkzeit der verschiedenen Haut- und Schleimhautantiseptika bekannt?,A / I,Haut- und Schleimhautdesinfektion / Arzneimittel ,FALSE,Beobachtung,Patientenbezogene Massnahmen,
Werden Salben und Augentropfen patientenbezogen verwendet?,A / I,Haut- und Schleimhautdesinfektion / Arzneimittel ,FALSE,Beobachtung,Patientenbezogene Massnahmen,
"Werden Katheter (PVK, ZVK) nur bei klarer Indikation eingesetzt bzw. evaluiert ob Indikation noch gegeben?",OP In / A / I,Injektionen und Punktionen ,TRUE,Beobachtung,Patientenbezogene Massnahmen,
Werden Materialien auf einer sauberen oder wischdesinfizierten Fläche vorbereitet?,OP In / A / I,"Injektionen und Punktionen der Risikogruppe 1
(bspw. Einlage peripherer Venenkatheter, Blutentnahme)",FALSE,Beobachtung,Patientenbezogene Massnahmen,
Erfolgt die Einlage durch geschultes Personal? (Risikogruppe 4),OP In / A / I,Injektionen und Punktionen der Risikogruppe 4 (bspw. Einlage ZVK oder PICC),TRUE,Beobachtung,Patientenbezogene Massnahmen,
Wird für die Hautdesinfektion aus dem Hygieneordner empfohlene Desinfektionsmittel verwendet und eine mechanische Desinfektion durchgeführt sowie die Einwirkzeit nach Herstellerangaben eingehalten? ,OP In / A / I,"Injektionen und Punktionen der Risikogruppe 1
(bspw. Einlage peripherer Venenkatheter, Blutentnahme)",FALSE,Beobachtung,Patientenbezogene Massnahmen,
Stehen zugelassene alkoholbasierte Präparate für die chir. Händedesinfektion zur Verfügung?,OP If / I,Chirurgische Händedesinfektion Infra.,TRUE,Beobachtung,Infrastruktur,
"Werden die Hände vor Entnahme von Material aus Schubladen (bspw. Behandlungswagen), Schränken, usw. desinfiziert?",A / I,Händehygiene,FALSE,Beobachtung,Standardhygienemassnahmen,
"Werden die Hände vor Entnahme von Material aus Schubladen (bspw. Behandlungswagen), Schränken, usw. beim Wundverband desinfiziert?",A,Wundverbände,FALSE,Beobachtung,Patientenbezogene Massnahmen,
"Werden die Standardhygienemassnahmen (Händehygiene, Tragen unsteriler Handschuhe) nach Empfehlungen aus dem Hygieneordner durchgeführt? (Risikogruppe 1)",OP In / A / I,"Injektionen und Punktionen der Risikogruppe 1
(bspw. Einlage peripherer Venenkatheter, Blutentnahme)",FALSE,Beobachtung,Patientenbezogene Massnahmen,
Wird für die Hautdesinfektion aus dem Hygieneordner empfohlene Hautdesinfektionsmittel verwendet und eine mechanische Desinfektion durchgeführt sowie die Einwirkzeit nach Herstellerangaben eingehalten? ,OP In / A / I,Injektionen und Punktionen der Risikogruppe 2a (bspw. Abnahme Blutkulturen),TRUE,Beobachtung,Patientenbezogene Massnahmen,
"Werden die Standardhygienemassnahmen (Händehygiene, Tragen unsteriler Handschuhe) nach Empfehlungen aus dem Hygieneordner durchgeführt? (Risikogruppe 2a)",OP In / A / I,Injektionen und Punktionen der Risikogruppe 2a (bspw. Abnahme Blutkulturen),FALSE,Beobachtung,Patientenbezogene Massnahmen,
Werden Materialien auf einer wischdesinfizierten Fläche vorbereitet? (Risikogruppe a),OP In / A / I,Injektionen und Punktionen der Risikogruppe 2a (bspw. Abnahme Blutkulturen),FALSE,Beobachtung,Patientenbezogene Massnahmen,
Werden Materialien auf einer wischdesinfizierten Fläche vorbereitet? (Risikogruppe 2b),OP In / A / I,Injektionen und Punktionen der Risikogruppe 2b (bspw. diagnostische Aszites- oder Blasenpunktion),FALSE,Beobachtung,Patientenbezogene Massnahmen,
Werden Materialien auf einer wischdesinfizierten Fläche vorbereitet? (Risikogruppe 3),OP In / A / I,Injektionen und Punktionen der Risikogruppe 3 (bspw. Lumbalpunktion oder Punktionen in Organe),FALSE,Beobachtung,Patientenbezogene Massnahmen,
Werden Materialien auf einer wischdesinfizierten Fläche vorbereitet? (Risikogruppe 4),OP In / A / I,Injektionen und Punktionen der Risikogruppe 4 (bspw. Einlage ZVK oder PICC),FALSE,Beobachtung,Patientenbezogene Massnahmen,
Werden Materialien auf einer wischdesinfizierten Fläche vorbereitet?,A,Wundverbände,FALSE,Beobachtung,Patientenbezogene Massnahmen,
Werden sterile Handschuhe getragen sowie unmittelbar vor dem Anziehen der Handschuhe eine hygienische Händehygienedesinfektion durchgeführt? (Risikogruppe 2b),OP In / A / I,Injektionen und Punktionen der Risikogruppe 2b (bspw. diagnostische Aszites- oder Blasenpunktion),FALSE,Beobachtung,Patientenbezogene Massnahmen,
Werden sterile Handschuhe getragen sowie unmittelbar vor dem Anziehen der Handschuhe eine hygienische Händehygienedesinfektion durchgeführt? (Risikogruppe 3),OP In / A / I,Injektionen und Punktionen der Risikogruppe 3 (bspw. Lumbalpunktion oder Punktionen in Organe),TRUE,Beobachtung,Patientenbezogene Massnahmen,
Werden sterile Handschuhe getragen sowie unmittelbar vor dem Anziehen der Handschuhe eine hygienische Händehygienedesinfektion durchgeführt? (Risikogruppe 4),OP In / A / I,Injektionen und Punktionen der Risikogruppe 4 (bspw. Einlage ZVK oder PICC),TRUE,Beobachtung,Patientenbezogene Massnahmen,
Werden sterile Tupfer verwendet? (Risikogruppe 2a),OP In / A / I,Injektionen und Punktionen der Risikogruppe 2a (bspw. Abnahme Blutkulturen),FALSE,Beobachtung,Patientenbezogene Massnahmen,
Werden sterile Tupfer verwendet? (Risikogruppe 2b),OP In / A / I,Injektionen und Punktionen der Risikogruppe 2b (bspw. diagnostische Aszites- oder Blasenpunktion),FALSE,Beobachtung,Patientenbezogene Massnahmen,
Werden sterile Tupfer verwendet? (Risikogruppe 3),OP In / A / I,Injektionen und Punktionen der Risikogruppe 3 (bspw. Lumbalpunktion oder Punktionen in Organe),FALSE,Beobachtung,Patientenbezogene Massnahmen,
Wird die aseptische Arbeitstechnik angewendet? (Risikogruppe 1),OP In / A / I,"Injektionen und Punktionen der Risikogruppe 1
(bspw. Einlage peripherer Venenkatheter, Blutentnahme)",FALSE,Beobachtung,Patientenbezogene Massnahmen,
Wird ein steriles Loch- oder Abdecktuch verwendet?,OP In / A / I,Injektionen und Punktionen der Risikogruppe 3 (bspw. Lumbalpunktion oder Punktionen in Organe),FALSE,Beobachtung,Patientenbezogene Massnahmen,
Wird die aseptische Arbeitstechnik angewendet? (Risikogruppe 2a),OP In / A / I,Injektionen und Punktionen der Risikogruppe 2a (bspw. Abnahme Blutkulturen),FALSE,Beobachtung,Patientenbezogene Massnahmen,
Wird die aseptische Arbeitstechnik angewendet? (Risikogruppe 2b),OP In / A / I,Injektionen und Punktionen der Risikogruppe 2b (bspw. diagnostische Aszites- oder Blasenpunktion),TRUE,Beobachtung,Patientenbezogene Massnahmen,
Wird die aseptische Arbeitstechnik angewendet? (Risikogruppe 3),OP In / A / I,Injektionen und Punktionen der Risikogruppe 3 (bspw. Lumbalpunktion oder Punktionen in Organe),TRUE,Beobachtung,Patientenbezogene Massnahmen,
Wird die sterile Arbeitsfläche erst unmittelbar vor dem Eingriff von geschultem Personal gerichtet? (Risikogruppe 3),OP In / A / I,Injektionen und Punktionen der Risikogruppe 3 (bspw. Lumbalpunktion oder Punktionen in Organe),FALSE,Beobachtung,Patientenbezogene Massnahmen,
Wird die sterile Arbeitsfläche erst unmittelbar vor dem Eingriff von geschultem Personal gerichtet? (Risikogruppe 4),OP In / A / I,Injektionen und Punktionen der Risikogruppe 4 (bspw. Einlage ZVK oder PICC),TRUE,Beobachtung,Patientenbezogene Massnahmen,
Wird eine sterile langärmlige Schürze getragen (ausführende Person)?,OP In / A / I,Injektionen und Punktionen der Risikogruppe 4 (bspw. Einlage ZVK oder PICC),FALSE,Beobachtung,Patientenbezogene Massnahmen,
"Erfolgt die Hautdesinfektion 3-malig, grossflächig, mit mechanischer Reibung, Verwendung sterile Klemme/Pinzette und Tupfer, Aus dem Hygieneordner empfohlenes Hautdesinfektionsmittel, Einhaltung von Einwirkzeit nach Herstellerangaben?",OP In / A / I,Injektionen und Punktionen der Risikogruppe 4 (bspw. Einlage ZVK oder PICC),TRUE,Beobachtung,Patientenbezogene Massnahmen,
Wird ein ausreichend grosses steriles Loch- oder Abdecktuch verwendet?,OP In / A / I,Injektionen und Punktionen der Risikogruppe 4 (bspw. Einlage ZVK oder PICC),FALSE,Beobachtung,Patientenbezogene Massnahmen,
Wird die aseptische Arbeitstechnik angewendet und Asepsis während der Einlage gewährleistet?,OP In / A / I,Injektionen und Punktionen der Risikogruppe 4 (bspw. Einlage ZVK oder PICC),TRUE,Beobachtung,Patientenbezogene Massnahmen,
Wird für die Einlage von ZVK ein ZVK mit möglichst wenig Lumen gewählt und femoraler Zugang vermieden?,OP In / A / I,Injektionen und Punktionen der Risikogruppe 4 (bspw. Einlage ZVK oder PICC),FALSE,Beobachtung,Patientenbezogene Massnahmen,
Wird eine chirurgische Maske getragen (ausführende und assistierende Person)? (Risikogruppe 3),OP In / A / I,Injektionen und Punktionen der Risikogruppe 3 (bspw. Lumbalpunktion oder Punktionen in Organe),FALSE,Beobachtung,Patientenbezogene Massnahmen,
Werden Injektionsmedikamente/Infusionen unmittelbar vor Applikation aufgezogen?,OP In / A / I,Injektions- und Infusionslösungen / Infusionssysteme,FALSE,Beobachtung,Patientenbezogene Massnahmen,
"Wird das Gummiseptum der Stechampulle desinfiziert und eine neue, sterile Kanüle verwendet?",OP In / A / I,Injektions- und Infusionslösungen / Infusionssysteme,FALSE,Beobachtung,Patientenbezogene Massnahmen,
Werden Mehrdosenbehältnisse beschriftet mit Verfalldatum (ggf. + Anbruchdatum)?,OP In / A / I,Injektions- und Infusionslösungen / Infusionssysteme,FALSE,Beobachtung,Patientenbezogene Massnahmen,
Erfolgt die Entnahme von Teilmengen jeweils mittels einer neuen Einmalkanüle und –spritze?,OP In / A / I,Injektions- und Infusionslösungen / Infusionssysteme,FALSE,Beobachtung,Patientenbezogene Massnahmen,
Erfolgt eine Wischdesinfektion vor dem Gebrauch von nadelfreien Konnektionsventilen/bzw. vor Injektion über Dreiweghahn (entfällt bei Verwendung Desinfektionskappen)?,OP In / A / I,Injektions- und Infusionslösungen / Infusionssysteme,FALSE,Beobachtung,Patientenbezogene Massnahmen,
Wird nach jeder Diskonnektion eine neue sterile Verschlusskappe oder Desinfektionskappe verwendet?,OP In / A / I,Injektions- und Infusionslösungen / Infusionssysteme,FALSE,Beobachtung,Patientenbezogene Massnahmen,
Wird die Körperkerntemperatur kontinuierlich oder alle 15 Min gemessen?,Op In,Normothermie,FALSE,Beobachtung,Patientenbezogene Massnahmen,
Wird die Körperkerntemperatur von 35.5°C perioperativ nicht unterschritten?,Op In,Normothermie,FALSE,Beobachtung,Patientenbezogene Massnahmen,
Ist die Patientin/der Patient ständig - soweit möglich - vollständig zugedeckt?,Op In,Normothermie,FALSE,Beobachtung,Patientenbezogene Massnahmen,
Werden Patientinnen/Patienten mit einer erwarteten OP-Dauer >30 Min aktiv gewärmt?,Op In,Normothermie,FALSE,Beobachtung,Patientenbezogene Massnahmen,
Wird die OP-Saaltemperatur entsprechend dem Patientengut reguliert?,Op In,Normothermie,FALSE,Beobachtung,Patientenbezogene Massnahmen,
Werden Infusionslösungen ab einem Volumen >500ml/h aktiv gewärmt?,Op In,Normothermie,FALSE,Beobachtung,Patientenbezogene Massnahmen,
Werden Spüllösungen bei grösseren Zugängen / Höhlen gewärmt?,Op In,Normothermie,FALSE,Beobachtung,Patientenbezogene Massnahmen,
Sind Lagerungsutensilien ordnungsgemäss und nicht am Boden gelagert?,OP If,Lagerung von Medizinprodukten,FALSE,Beobachtung,Infrastruktur,
Stehen Clippinggeräte für die Haarkürzung zur Verfügung?,OP If,Lagerung von Medizinprodukten,FALSE,Beobachtung,Infrastruktur,
Sind Einwegscherköpfe vorhanden?,OP If,Lagerung von Medizinprodukten,FALSE,Beobachtung,Infrastruktur,
Wird der OP-Situs kontrolliert und bei Bedarf gereinigt?,Op In,Patientenlagerung,FALSE,Beobachtung,Patientenbezogene Massnahmen,
"Wird beim Lagern darauf geachtet, die OP-Bereichskleidung nicht mit Sekreten oder Schleimhaut zu kontaminieren?",Op In,Patientenlagerung,FALSE,Beobachtung,Patientenbezogene Massnahmen,
"Werden die Lagerungsutensilien, OP Tisch nach jeder Patientin/jedem Patienten wischdesinfiziert?",OP In,Aufbereitung von Instrumenten und Utensilien,FALSE,Beobachtung,Aufbereitung/Desinfektion/Reinigung,
Ist die präoperative Haarkürzung in einem schriftlichen Standard oder Anweisung Operateur/in festgehalten?,OP In,Präoperative Haarkürzung,FALSE,Frage Personal,Patientenbezogene Massnahmen,
Findet keine oder die erforderliche Haarkürzung mittels elektrischen Schneidegerätes (Clippern) statt?,OP In,Präoperative Haarkürzung,TRUE,Beobachtung,Patientenbezogene Massnahmen,
"Wird die Haarkürzung unmittelbar vor der Operation oder am Vorabend, wenn möglich nicht im OP Saal durchgeführt?",OP In,Präoperative Haarkürzung,FALSE,Beobachtung,Patientenbezogene Massnahmen,
Werden nur Einmalscherköpfe verwendet?,OP In,Präoperative Haarkürzung,FALSE,Beobachtung,Patientenbezogene Massnahmen,
Wird für jede Patientin / jeden Patient ein neuer Einmalscherkopf verwendet?,OP In,Präoperative Haarkürzung,FALSE,Beobachtung,Patientenbezogene Massnahmen,
Wird das Clipper-Handstück nach jeder Patientin / jedem Patient wischdesinfiziert?,OP In,Aufbereitung von Instrumenten und Utensilien,FALSE,Beobachtung,Aufbereitung/Desinfektion/Reinigung,
Ist die präoperative Hautdesinfektion in einem schriftlichen Standard festgelegt?,OP In,Präoperative Hautdesinfektion,FALSE,Frage Personal,Patientenbezogene Massnahmen,
Wird die intakte Haut mit alkoholbasiertem Hautantiseptikum mit Remanenzwirkung desinfiziert?,OP In,Präoperative Hautdesinfektion,TRUE,Beobachtung,Patientenbezogene Massnahmen,
Wird die Schleimhaut und nicht intakte Haut mit wässrigem Schleimhaut- und Wunddesinfektionsmittel mit Remanenzwirkung desinfiziert?,OP In,Präoperative Hautdesinfektion,FALSE,Beobachtung,Patientenbezogene Massnahmen,
Wird die Desinfektion durch geschultes Personal durchgeführt?,OP In,Präoperative Hautdesinfektion,TRUE,Beobachtung,Patientenbezogene Massnahmen,
Erfolgt der Anstrich des Desinfektionsmittels 3x?,OP In,Präoperative Hautdesinfektion,FALSE,Beobachtung,Patientenbezogene Massnahmen,
Wird das OP Gebiet grosszügig desinfiziert?,OP In,Präoperative Hautdesinfektion,FALSE,Beobachtung,Patientenbezogene Massnahmen,
Ist die Haut während der Einwirkzeit satt benetzt (keine „Pfützenbildung“)?,OP In,Präoperative Hautdesinfektion,FALSE,Beobachtung,Patientenbezogene Massnahmen,
Wird die vom Hersteller deklarierte Einwirkzeit eingehalten?,OP In,Präoperative Hautdesinfektion,TRUE,Beobachtung,Patientenbezogene Massnahmen,
Wird der OP-Situs und die Anklebestellen nicht trockengerieben/getupft?,OP In,Präoperative Hautdesinfektion,FALSE,Beobachtung,Patientenbezogene Massnahmen,
Erfolgt die Flächendesinfektion als Wischdesinfektion? ,OP If / I,Reinigung und Desinfektion von Flächen,FALSE,Beobachtung,Aufbereitung/Desinfektion/Reinigung,1
"Werden zwischen den Eingriffen die patientennahen und sichtbar verschmutzte Flächen, Kontaktpunkte und der Fussboden wischdesinfiziert?",OP If / I,Reinigung und Desinfektion von Flächen,FALSE,Beobachtung,Aufbereitung/Desinfektion/Reinigung,
Erfolgt am Ende des Tagesprogramms oder 1x pro 24h eine desinfizierende Schlussreinigung (Wände 1x wöchentlich)?,OP If / I,Reinigung und Desinfektion von Flächen,FALSE,Frage Personal,Aufbereitung/Desinfektion/Reinigung,
Werden für die Flächendesinfektion nur in der Insel Gruppe zugelassene und erregerspezifische Desinfektionsmittel verwendet?,OP If / I ,Reinigung und Desinfektion von Flächen,FALSE,Beobachtung,Aufbereitung/Desinfektion/Reinigung,2
Werden die Flächendesinfektionsmittel nach Herstellerangaben verwendet?,OP If / I / A,Reinigung und Desinfektion von Flächen,FALSE,Beobachtung,Aufbereitung/Desinfektion/Reinigung,3
"Kennen die Mitarbeitenden die Hygienerichtlinien (Hygieneordner) und wissen, wo dieser verfügbar ist?",OP If / I / A,Schulungen,FALSE,Frage Personal,Schulungen,
Werden Mitarbeitende  zu einem relevanten Thema der Infektionsprävention geschult (Besteht ein Schulungskonzept)?,OP If / I / A,Schulungen,FALSE,Frage Personal,Schulungen,
Ist das E-Learning Angebot der Spitalhygiene für neue Mitarbeitende bekannt und wird dies den Mitarbeitenden empfohlen?,OP If / I / A,Schulungen,FALSE,Frage Personal,Schulungen,
"Wird nach vorne fallendes halblanges oder langes Haar sowie lange Barthaare zusammen- oder hochgebunden, bzw. hochgesteckt?",A / I ,Arbeitshygiene ,FALSE,Beobachtung,Standardhygienemassnahmen,
Werden Fingernägel kurz und ohne Nagellack gehalten und keine künstlichen Nägel/Gelnägel getragen?,A / I ,Arbeitshygiene ,TRUE,Beobachtung,Standardhygienemassnahmen,
"Es wird kein Schmuck (Schmuckringe, Eheringe, Armbänder, Uhren) bei Patientenkontakt, sowie bei aseptischen Handlungen und bei Aufbereitung und Entsorgung von Materialien an Händen/Unterarmen getragen?",A / I ,Arbeitshygiene ,TRUE,Beobachtung,Standardhygienemassnahmen,
Halsketten und Halsschlüsselbänder hängen nicht über die Berufskleidung?,A / I / OP In,Arbeitshygiene ,FALSE,Beobachtung,Standardhygienemassnahmen,
"Sind bei direktem Patientenkontakt, bei aseptischen Handlungen sowie bei Aufbereitung und Entsorgung von Materialien die Unterarme frei?",A / I ,Arbeitshygiene ,FALSE,Beobachtung,Standardhygienemassnahmen,
Wird die Berufskleidung täglich oder sichtbar verschmutzte zeitnah gewechselt?,A / I ,Arbeitshygiene ,FALSE,Beobachtung,Standardhygienemassnahmen,
Wird die OP Bereichskleidung nach Empfehlung aus dem Hygieneordner getragen? ,OP In,Arbeitshygiene ,FALSE,Beobachtung,Standardhygienemassnahmen,
"Sind alle Kopf-, inkl. Barthaaren, Bänder und Stoffhauben mit Einweghauben abgedeckt?",OP In,Arbeitshygiene ,FALSE,Beobachtung,Standardhygienemassnahmen,
Sind die Hände und Unterarme frei vom Handschmuck?,OP In,Arbeitshygiene ,TRUE,Beobachtung,Standardhygienemassnahmen,
Wird hängender Schmuck / Ohrschmuck abgezogen oder komplett abgedeckt?,OP In,Arbeitshygiene ,FALSE,Beobachtung,Standardhygienemassnahmen,
Werden die Wärmejacken geschlossen getragen und bei Indikation zur Händehygiene die Ärmel hochgeschoben?,OP In,Arbeitshygiene ,FALSE,Beobachtung,Standardhygienemassnahmen,
"Besteht ein Reinigungs- und Desinfektionsplan, welcher die Aufbereitungsart, Intervall und Verantwortlichkeit von Räumlichkeiten und Geräten/Wagen/Mobiliar regelt?",OP If / I / A,Reinigung und Desinfektion von Flächen,FALSE,Frage Personal,Aufbereitung/Desinfektion/Reinigung,4
"Werden Workstation on Wheel (WOW) bzw. Lean-Wagen/PC nach jeder Patientin/jedem Patienten wischdesinfiziert (Tastatur, Maus, Arbeitsoberfläche, Barcodescanner o.a. falls benutzt)?",I / A,Reinigung und Desinfektion von Flächen,FALSE,Beobachtung,Aufbereitung/Desinfektion/Reinigung,
"Ist die Wischdesinfektion von Workstation on Wheel (WOW) bzw. Lean-Wagen/PC  (Tastatur, Maus, Arbeitsoberfläche, Barcodescanner o.a. falls benutzt) geregelt?",I / A,Reinigung und Desinfektion von Flächen,FALSE,Beobachtung,Aufbereitung/Desinfektion/Reinigung,
Werden Untersuchungsliegen und für den Patientenprozess genutzte Arbeitsflächen nach Gebrauch wischdesinfiziert?,I / A,Reinigung und Desinfektion von Flächen,FALSE,Beobachtung,Aufbereitung/Desinfektion/Reinigung,
"Werden medizinische Geräte nach Gebrauch wischdesinfiziert (Ultraschall, Echo, Stethoskop, usw.)?",I / A,Reinigung und Desinfektion von Flächen,FALSE,Beobachtung,Aufbereitung/Desinfektion/Reinigung,
Werden Haltbarkeitsfristen bei Flächendesinfektionsmitteln nach Anbruch mit entsprechender Kennzeichnung versehen und eingehalten?,OP If / I / A,Reinigung und Desinfektion von Flächen,TRUE,Beobachtung,Aufbereitung/Desinfektion/Reinigung,
Werden beim Umgang mit Desinfektionsmittellösungen die Personalschutzmassnahmen eingehalten?,OP If,Reinigung und Desinfektion von Flächen,FALSE,Frage Personal,Aufbereitung/Desinfektion/Reinigung,5
Werden Mehrwegmaterialien nach Vorgaben des Herstellers und aus dem Hygieneordner aufbereitet?                     ,OP If / I,Aufbereitung von Instrumenten und Utensilien,FALSE,Frage Personal,Aufbereitung/Desinfektion/Reinigung,
"Erfolgt die Aufbereitung und Lagerung von flexiblen Endoskopen nach Herstellerangaben und der schweizerischen Richtlinie ""Gute Praxis""?",OP If / I,Aufbereitung von Instrumenten und Utensilien,FALSE,Frage Personal,Aufbereitung/Desinfektion/Reinigung,
Erfolgt die Aufbereitung und Lagerung von TEE- Sonden nach Herstellerangaben? ,OP If,Aufbereitung von Instrumenten und Utensilien,FALSE,Frage Personal,Aufbereitung/Desinfektion/Reinigung,
Wird eine chirurgische Maske getragen (ausführende und assistierende Person)? (Risikogruppe 4),OP In / A / I,Injektionen und Punktionen der Risikogruppe 4 (bspw. Einlage ZVK oder PICC),FALSE,Beobachtung,Patientenbezogene Massnahmen,
Gibt es ein Waschbecken / definierten Bereich für die Durchführung?,OP If / I,Chirurgische Händedesinfektion,FALSE,Beobachtung,Infrastruktur,
Ist im Waschbereich eine Uhr vorhanden?,OP If / I,Chirurgische Händedesinfektion,FALSE,Beobachtung,Infrastruktur,
Sind schriftliche Anweisungen für die Durchführung im Waschbereich vorhanden?,OP If / I,Chirurgische Händedesinfektion,FALSE,Beobachtung,Infrastruktur,
Ist die Reinigung der Händedesinfektionsmittelspender geregelt?,OP If / I,Aufbereitung von Instrumenten und Utensilien,FALSE,Frage Personal,Aufbereitung/Desinfektion/Reinigung,
Ist die Einwirkzeit für die chirurgische Händedesinfektion bekannt und wird diese eingehalten?,OP In / I,Chirurgische Händedesinfektion,FALSE,Beobachtung,Standardhygienemassnahmen,
Wird eine chir. Händedesinfektion unmittelbar vor dem operativen Eingriff (vor sterilem Ankleiden) durchgeführt?,OP In,Chirurgische Händedesinfektion,FALSE,Beobachtung,Standardhygienemassnahmen,
Wird die chir. Händedesinfektion im Waschraum oder in einem dafür vorgesehenen Bereich durchgeführt?,OP In,Chirurgische Händedesinfektion,FALSE,Beobachtung,Standardhygienemassnahmen,
"Sind verschiedene chir. Masken (Anti-Fog, Sensitiv, mit Protekt-Schild) vorhanden?",OP If,Schutzausrüstung / Kontakt mit Körperflüssigkeiten infra.,TRUE,Beobachtung,Infrastruktur,
Stehen Hochleistungsmasken FFP2 ohne Ventil zur Verfügung und sind die Indikationen zum Tragen bekannt?,OP If / I / A,Schutzausrüstung / Kontakt mit Körperflüssigkeiten infra.,TRUE,Beobachtung,Infrastruktur,
Entsprechen die Standorte der Händedesinfektionsmittelspender den Mindestanforderungen im Sinne der Weisung Standard Händedesinfektionsmittelspender?,OP In / I / A,Händehygiene,FALSE,Beobachtung,Infrastruktur,
Sind die Indikationen der hygienischen Händedesinfektion nach WHO bekannt?,A / I ,Händehygiene,TRUE,Beobachtung,Standardhygienemassnahmen,
Sind die Indikationen zum Waschen der Hände bekannt?,A / I ,Händehygiene,FALSE,Beobachtung,Standardhygienemassnahmen,
Stehen Hautschutz- / Hautpflegeprodukte zur Verfügung?,A / I / OP If,Händehygiene,FALSE,Beobachtung,Infrastruktur,
Wird eine chirurgische Maske getragen? (Risikogruppe 2a),OP In / A / I,Injektionen und Punktionen der Risikogruppe 2a (bspw. Abnahme Blutkulturen),FALSE,Beobachtung,Patientenbezogene Massnahmen,
Hygienische Händedesinfektion: Werden die Indikationen gemäss WHO oder bei Einsatz des Berner 3-Zonen-Modells eingehalten?,OP In,Händehygiene,TRUE,Beobachtung,Standardhygienemassnahmen,
"Besteht die Möglichkeit, Hände und Unterarme vor der chir. Händedesinfektion mit normaler Seife zu waschen?",OP If,Händehygiene,FALSE,Beobachtung,Infrastruktur,
Sind Einwegbürsten und Nagelscheren für die Nagelpflege in der Garderobe bei den Waschbecken vorhanden?,OP If,Händehygiene,FALSE,Beobachtung,Infrastruktur,
Sind manuell bedienbare Wasserarmaturen vorhanden?,OP If,Händehygiene,FALSE,Beobachtung,Infrastruktur,
"Ist der Wasserstrahl nicht in den Abfluss gerichtet, sowie hat das Waschbecken keinen Überlauf?",OP If,Händehygiene,FALSE,Beobachtung,Infrastruktur,
Wird eine chirurgische Maske getragen? (Risikogruppe 2b),OP In / A / I,Injektionen und Punktionen der Risikogruppe 2b (bspw. diagnostische Aszites- oder Blasenpunktion),FALSE,Beobachtung,Patientenbezogene Massnahmen,
Werden Nadeln/scharfe Gegenstände in spezielle Behälter (Sharpsafebox) entsorgt sowie sind Behälter nicht überfüllt?,OP In / I / A,Prävention Stich-Schnittverletzungen ,FALSE,Beobachtung,Standardhygienemassnahmen,
Es wird kein Recapping durchgeführt?,OP In / I / A,Prävention Stich-Schnittverletzungen ,FALSE,Beobachtung,Standardhygienemassnahmen,
Sind die Sofortmassnahmen bei Stich- und Schnittverletzungen bekannt?,OP In / I / A,Prävention Stich-Schnittverletzungen ,FALSE,Frage Personal,Standardhygienemassnahmen,
Sind chirurgische Masken vorhanden und sind die Indikationen zum Tragen sowie die Kriterien zum Wechsel bekannt?,I / A,Schutzausrüstung / Kontakt mit Körperflüssigkeiten ,TRUE,Beobachtung,Standardhygienemassnahmen,
Werden die chirurgische Masken satt anliegend getragen und sind Nase und Mund abgedeckt?,OP In /I / A,Schutzausrüstung / Kontakt mit Körperflüssigkeiten ,FALSE,Beobachtung,Standardhygienemassnahmen,
Sind unsterile Überschürze vorhanden und sind Kriterien zum Tragen und zum  Wechsel bekannt?,OP If / I / A,Schutzausrüstung / Kontakt mit Körperflüssigkeiten ,FALSE,Beobachtung,Standardhygienemassnahmen,
Stehen Schutzbrillen zur Verfügung und sind die Indikationen zum Tragen bekannt? ,OP If / I / A,Schutzausrüstung / Kontakt mit Körperflüssigkeiten ,FALSE,Beobachtung,Standardhygienemassnahmen,
Sind unsterile Handschuhe vorhanden und ist die Indikation zum Tragen bekannt? ,OP If / I / A,Schutzausrüstung / Kontakt mit Körperflüssigkeiten ,FALSE,Beobachtung,Standardhygienemassnahmen,
Ist die Aufbereitung der Schutzbrillen geregelt?,OP If,Schutzausrüstung / Kontakt mit Körperflüssigkeiten ,FALSE,Frage Personal,Standardhygienemassnahmen,
Werden vor dem Richten von sterilen Materialien / Infusions- und Injektionslösungen die Instrumentiertische/Flächen wischdesinfiziert?,OP In / I,Aseptisches Arbeiten,FALSE,Beobachtung,Aseptisches Arbeiten,
Erfolgt das sterile Ankleiden nach geschlossener Methode?,OP In / I,Aseptisches Arbeiten,FALSE,Beobachtung,Aseptisches Arbeiten,
Werden die sterile Verpackungen vor dem Öffnen auf Unversehrtheit und Sterilität geprüft?,OP In / I,Aseptisches Arbeiten,TRUE,Beobachtung,Aseptisches Arbeiten,
Wird das Sterilgut angereicht und nicht gespickt?,OP In / I,Aseptisches Arbeiten,FALSE,Beobachtung,Aseptisches Arbeiten,
Wird kleines Sterilgut mit einer sterilen Klemme entgegengenommen?,OP In / I,Aseptisches Arbeiten,FALSE,Beobachtung,Aseptisches Arbeiten,
Erfolgt beim Abgeben und Fixieren der sterilen Abdeckung durch unsteriles Personal keine Kontamination?,OP In / I,Aseptisches Arbeiten,TRUE,Beobachtung,Aseptisches Arbeiten,
"Sind die bei der Operation benötigte Geräte, welche den notwendigen Abstand nicht einhalten können, korrekt steril abgedeckt?",OP In,Aseptisches Arbeiten,FALSE,Beobachtung,Aseptisches Arbeiten,
Erfolgt ein Platzwechsel Rücken zu Rücken oder Bauch zu Bauch?,OP In,Aseptisches Arbeiten,FALSE,Beobachtung,Aseptisches Arbeiten,
Werden die sterilen Flächen nicht mit unsterilen Gegenständen übergriffen?,OP In / I,Aseptisches Arbeiten,FALSE,Beobachtung,Aseptisches Arbeiten,
Wird bei einer Kontamination angepasst reagiert?,OP In / I,Aseptisches Arbeiten,TRUE,Beobachtung,Aseptisches Arbeiten,
Werden doppelte Handschuhe bei Operationen mit starker Beanspruchung vom gesamten OP-Team getragen?,OP In,Aseptisches Arbeiten,FALSE,Beobachtung,Aseptisches Arbeiten,
Werden die Handschuhe vor der Vorbereitung und Implantation von Gelenkendoprothesen gewechselt?,OP In,Aseptisches Arbeiten,FALSE,Beobachtung,Aseptisches Arbeiten,
Finden während des Eingriffes keine Routinereinigungsarbeiten statt?,OP In / I,Aseptisches Arbeiten,FALSE,Beobachtung,Aseptisches Arbeiten,
"Werden Flüssigkeiten steril angereicht/entleert (genug Abstand, langsames Giessen ohne Spritzer, nicht über die sterile Fläche)?",OP In / I,Aseptisches Arbeiten,FALSE,Beobachtung,Aseptisches Arbeiten,
Werden die Gespräche auf ein Minimum reduziert?,OP In / I,Aseptisches Arbeiten,FALSE,Beobachtung,Aseptisches Arbeiten,
"Werden Störungen, Lärm und Unruhe vermieden?",OP In / I,Aseptisches Arbeiten,FALSE,Beobachtung,Aseptisches Arbeiten,
Werden private Gegenstände nicht in den OP Saal / Interventionsraum genommen?,OP In / I,Aseptisches Arbeiten,FALSE,Beobachtung,Aseptisches Arbeiten,
Erfolgt die Konsumation von Lebensmitteln ausschliesslich im Aufenthaltsraum?,OP In / I,Aseptisches Arbeiten,FALSE,Beobachtung,Aseptisches Arbeiten,
Werden Türen während des Eingriffs möglichst geschlossen gehalten?,OP In / I,Aseptisches Arbeiten,FALSE,Beobachtung,Aseptisches Arbeiten,
Wird ein Mindestabstand von 50cm zur sterilen Flächen und umgekehrt eingehalten?,OP In / I,Aseptisches Arbeiten,FALSE,Beobachtung,Aseptisches Arbeiten,
Findet Instandhaltung von Lüftungs- und Klimaanlagen periodisch statt?,OP If ,Wartung,FALSE,Frage Personal,Infrastruktur,
Werden die Reinigungs- und Desinfektionsgeräte (RDG) jährlich validiert?,OP If ,Wartung,TRUE,Frage Personal,Infrastruktur,
Sind empfohlene Massnahmen aus früheren spitalhygienischen Begehungen umgesetzt worden?,OP In / I / A,Weitere Beobachtungen,TRUE,Frage Personal,Weitere Beobachtungen,
"Wird eine grossflächige Hautdesinfektion mittels steriler Klemme oder Pinzette sowie aus dem Hygieneordner empfohlene Hautdesinfektionsmittel verwendet und eine mechanische Desinfektion durchgeführt, sowie die entsprechende Einwirkzeit nach Herstellerangaben eingehalten? (Risikogruppe 2b)",OP In / A / I,Injektionen und Punktionen der Risikogruppe 2b (bspw. diagnostische Aszites- oder Blasenpunktion),TRUE,Beobachtung,Patientenbezogene Massnahmen,
Werden die Indikationen der Händehygiene während des Verbandwechsels eingehalten? ,A,Wundverbände,TRUE,Beobachtung,Patientenbezogene Massnahmen,
Erfolgt der Umgang mit Wundauflagen mit der Non-Touch-Technik (Verwendung sterile Instrumente oder sterile Handschuhe)? ,A,Wundverbände,TRUE,Beobachtung,Patientenbezogene Massnahmen,
"Wird eine grossflächige Hautdesinfektion mittels steriler Klemme oder Pinzette sowie aus dem Hygieneordner empfohlene Hautdesinfektionsmittel verwendet und eine mechanische Desinfektion durchgeführt, sowie die entsprechende Einwirkzeit nach Herstellerangaben eingehalten? (Risikogruppe 3)",OP In / A / I,Injektionen und Punktionen der Risikogruppe 3 (bspw. Lumbalpunktion oder Punktionen in Organe),TRUE,Beobachtung,Patientenbezogene Massnahmen,
,,,,,,
,,,,,,